{
  "shiftList" : {
    "2019-06-08" : [ {
      "birth_date" : "1966-08-14",
      "employee_id" : "58146",
      "engineer" : "งาน วช.บว",
      "id" : "0",
      "name" : "ณัฐพร อุปสรรค์",
      "picture" : "pic/58146.jpg",
      "status" : "chiangmai",
      "tel" : "0818826017"
    }, {
      "birth_date" : "1967-12-11",
      "employee_id" : "146651",
      "engineer" : "งาน วช.บว",
      "id" : "1",
      "name" : "วัชชิระ หาอุปละ",
      "picture" : "pic/146651.jpg",
      "status" : "offwork",
      "tel" : "0897006253"
    }, {
      "birth_date" : "1964-03-14",
      "employee_id" : "085659",
      "engineer" : "งาน วช.บว",
      "id" : "2",
      "name" : "วัชรินทร์ มูลสาร",
      "picture" : "pic/085659.jpg",
      "status" : "offwork",
      "tel" : "0898506840"
    }, {
      "birth_date" : "1966-01-04",
      "employee_id" : "243443",
      "engineer" : "งาน วช.บว",
      "id" : "3",
      "name" : "ณรงค์ กันตรี",
      "picture" : "pic/243443.jpg",
      "status" : "chiangmai",
      "tel" : "0894518628"
    }, {
      "birth_date" : "1971-02-19",
      "employee_id" : "248050",
      "engineer" : "งาน วช.บว",
      "id" : "4",
      "name" : "สมเด็จ คำเป๊ก",
      "picture" : "pic/248050.jpg",
      "status" : "lampang",
      "tel" : "0882685160"
    }, {
      "birth_date" : "1981-12-09",
      "employee_id" : "355152",
      "engineer" : "งาน วช.บว",
      "id" : "5",
      "name" : "วีระชาติ อินต๊ะมี",
      "picture" : "pic/355152.jpg",
      "status" : "chiangrai",
      "tel" : "0895606381"
    }, {
      "birth_date" : "1970-12-14",
      "employee_id" : "277467",
      "engineer" : "งาน วช.บว",
      "id" : "6",
      "name" : "นารีวงศ์ พงษ์สุข",
      "picture" : "pic/277467.jpg",
      "status" : "chiangmai",
      "tel" : "0818850145"
    }, {
      "birth_date" : "1968-07-23",
      "employee_id" : "247149",
      "engineer" : "งาน วช.บว",
      "id" : "7",
      "name" : "รุ่งโรจน์ สร้อยสิงห์",
      "picture" : "pic/247149.jpg",
      "status" : "lampang",
      "tel" : "0918355006"
    }, {
      "birth_date" : "1981-04-03",
      "employee_id" : "340133",
      "engineer" : "งาน วช.บว",
      "id" : "8",
      "name" : "การะเกด การสุวรรณ",
      "picture" : "pic/340133.jpg",
      "status" : "maehongson",
      "tel" : "0819601193"
    }, {
      "birth_date" : "-",
      "employee_id" : "-",
      "engineer" : "งาน วช.บว",
      "id" : "9",
      "name" : "พงษ์พจน์ ชัยบุญเรือง",
      "picture" : "pic/00001.jpg",
      "status" : "chiangmai",
      "tel" : "-"
    }, {
      "birth_date" : "1965-02-19",
      "employee_id" : "103218",
      "engineer" : "งาน วส.บว",
      "id" : "10",
      "name" : "สงวน เวทชญากุล",
      "picture" : "pic/103218.jpg",
      "status" : "chiangmai",
      "tel" : "0817169004"
    }, {
      "birth_date" : "1964-08-07",
      "employee_id" : "054848",
      "engineer" : "งาน วส.บว",
      "id" : "11",
      "name" : "ศรศักดิ์ เรือนแก้ว",
      "picture" : "pic/054848.jpg",
      "status" : "chiangmai",
      "tel" : "0858638741"
    }, {
      "birth_date" : "1967-02-27",
      "employee_id" : "238760",
      "engineer" : "งาน วส.บว",
      "id" : "12",
      "name" : "คมกฤช หนุนนาค",
      "picture" : "pic/238760.jpg",
      "status" : "chiangmai",
      "tel" : "0817839599"
    }, {
      "birth_date" : "1967-12-27",
      "employee_id" : "057857",
      "engineer" : "งาน วส.บว",
      "id" : "13",
      "name" : "ศุภศิษฎ์ จันทร์มะโน",
      "picture" : "pic/057857.jpg",
      "status" : "chiangmai",
      "tel" : "0816818344"
    }, {
      "birth_date" : "1963-12-10",
      "employee_id" : "146549",
      "engineer" : "งาน วส.บว",
      "id" : "14",
      "name" : "ประมุข ปัญศิริ",
      "picture" : "pic/146549.jpg",
      "status" : "chiangmai",
      "tel" : "0858647028"
    }, {
      "birth_date" : "1967-03-31",
      "employee_id" : "239049",
      "engineer" : "งาน วส.บว",
      "id" : "15",
      "name" : "ศุภชัย ยะคำป้อ",
      "picture" : "pic/239049.jpg",
      "status" : "chiangmai",
      "tel" : "0863486910"
    }, {
      "birth_date" : "1967-09-13",
      "employee_id" : "249665",
      "engineer" : "งาน วส.บว",
      "id" : "16",
      "name" : "จรัล ชุ่มคำมูล",
      "picture" : "pic/249665.jpg",
      "status" : "chiangmai",
      "tel" : "0845005941"
    }, {
      "birth_date" : "1982-02-21",
      "employee_id" : "353146",
      "engineer" : "งาน วส.บว",
      "id" : "17",
      "name" : "จิรายุ ประดับแก้ว",
      "picture" : "pic/353146.jpg",
      "status" : "chiangmai",
      "tel" : "0819528768"
    }, {
      "birth_date" : "1981-03-27",
      "employee_id" : "338459",
      "engineer" : "งาน วส.บว",
      "id" : "18",
      "name" : "กฤษฏา ญาณะ",
      "picture" : "pic/338459.jpg",
      "status" : "chiangmai",
      "tel" : "0855999299"
    }, {
      "birth_date" : "",
      "employee_id" : "-",
      "engineer" : "งาน วส.บว",
      "id" : "19",
      "name" : "ชนิดร์นนท์ จันทร์สกาว",
      "picture" : "pic/00002.jpg",
      "status" : "chiangmai",
      "tel" : "-"
    } ],
    "2019-06-28" : [ {
      "birth_date" : "1966-08-14",
      "employee_id" : "58146",
      "engineer" : "งาน วช.บว",
      "id" : "0",
      "name" : "ณัฐพร อุปสรรค์",
      "picture" : "pic/58146.jpg",
      "status" : "chiangrai",
      "tel" : "0818826017"
    }, {
      "birth_date" : "1967-12-11",
      "employee_id" : "146651",
      "engineer" : "งาน วช.บว",
      "id" : "1",
      "name" : "วัชชิระ หาอุปละ",
      "picture" : "pic/146651.jpg",
      "status" : "offwork",
      "tel" : "0897006253"
    }, {
      "birth_date" : "1964-03-14",
      "employee_id" : "085659",
      "engineer" : "งาน วช.บว",
      "id" : "2",
      "name" : "วัชรินทร์ มูลสาร",
      "picture" : "pic/085659.jpg",
      "status" : "lampang",
      "tel" : "0898506840"
    }, {
      "birth_date" : "1966-01-04",
      "employee_id" : "243443",
      "engineer" : "งาน วช.บว",
      "id" : "3",
      "name" : "ณรงค์ กันตรี",
      "picture" : "pic/243443.jpg",
      "status" : "maehongson",
      "tel" : "0894518628"
    }, {
      "birth_date" : "1971-02-19",
      "employee_id" : "248050",
      "engineer" : "งาน วช.บว",
      "id" : "4",
      "name" : "สมเด็จ คำเป๊ก",
      "picture" : "pic/248050.jpg",
      "status" : "maehongson",
      "tel" : "0882685160"
    }, {
      "birth_date" : "1981-12-09",
      "employee_id" : "355152",
      "engineer" : "งาน วช.บว",
      "id" : "5",
      "name" : "วีระชาติ อินต๊ะมี",
      "picture" : "pic/355152.jpg",
      "status" : "lampang",
      "tel" : "0895606381"
    }, {
      "birth_date" : "1970-12-14",
      "employee_id" : "277467",
      "engineer" : "งาน วช.บว",
      "id" : "6",
      "name" : "นารีวงศ์ พงษ์สุข",
      "picture" : "pic/277467.jpg",
      "status" : "chiangmai",
      "tel" : "0818850145"
    }, {
      "birth_date" : "1968-07-23",
      "employee_id" : "247149",
      "engineer" : "งาน วช.บว",
      "id" : "7",
      "name" : "รุ่งโรจน์ สร้อยสิงห์",
      "picture" : "pic/247149.jpg",
      "status" : "offwork",
      "tel" : "0918355006"
    }, {
      "birth_date" : "1981-04-03",
      "employee_id" : "340133",
      "engineer" : "งาน วช.บว",
      "id" : "8",
      "name" : "การะเกด การสุวรรณ",
      "picture" : "pic/340133.jpg",
      "status" : "chiangmai",
      "tel" : "0819601193"
    }, {
      "birth_date" : "-",
      "employee_id" : "-",
      "engineer" : "งาน วช.บว",
      "id" : "9",
      "name" : "พงษ์พจน์ ชัยบุญเรือง",
      "picture" : "pic/00001.jpg",
      "status" : "chiangmai",
      "tel" : "-"
    }, {
      "birth_date" : "1965-02-19",
      "employee_id" : "103218",
      "engineer" : "งาน วส.บว",
      "id" : "10",
      "name" : "สงวน เวทชญากุล",
      "picture" : "pic/103218.jpg",
      "status" : "chiangmai",
      "tel" : "0817169004"
    }, {
      "birth_date" : "1964-08-07",
      "employee_id" : "054848",
      "engineer" : "งาน วส.บว",
      "id" : "11",
      "name" : "ศรศักดิ์ เรือนแก้ว",
      "picture" : "pic/054848.jpg",
      "status" : "offwork",
      "tel" : "0858638741"
    }, {
      "birth_date" : "1967-02-27",
      "employee_id" : "238760",
      "engineer" : "งาน วส.บว",
      "id" : "12",
      "name" : "คมกฤช หนุนนาค",
      "picture" : "pic/238760.jpg",
      "status" : "chiangmai",
      "tel" : "0817839599"
    }, {
      "birth_date" : "1967-12-27",
      "employee_id" : "057857",
      "engineer" : "งาน วส.บว",
      "id" : "13",
      "name" : "ศุภศิษฎ์ จันทร์มะโน",
      "picture" : "pic/057857.jpg",
      "status" : "chiangmai",
      "tel" : "0816818344"
    }, {
      "birth_date" : "1963-12-10",
      "employee_id" : "146549",
      "engineer" : "งาน วส.บว",
      "id" : "14",
      "name" : "ประมุข ปัญศิริ",
      "picture" : "pic/146549.jpg",
      "status" : "chiangmai",
      "tel" : "0858647028"
    }, {
      "birth_date" : "1967-03-31",
      "employee_id" : "239049",
      "engineer" : "งาน วส.บว",
      "id" : "15",
      "name" : "ศุภชัย ยะคำป้อ",
      "picture" : "pic/239049.jpg",
      "status" : "chiangmai",
      "tel" : "0863486910"
    }, {
      "birth_date" : "1967-09-13",
      "employee_id" : "249665",
      "engineer" : "งาน วส.บว",
      "id" : "16",
      "name" : "จรัล ชุ่มคำมูล",
      "picture" : "pic/249665.jpg",
      "status" : "chiangmai",
      "tel" : "0845005941"
    }, {
      "birth_date" : "1982-02-21",
      "employee_id" : "353146",
      "engineer" : "งาน วส.บว",
      "id" : "17",
      "name" : "จิรายุ ประดับแก้ว",
      "picture" : "pic/353146.jpg",
      "status" : "offwork",
      "tel" : "0819528768"
    }, {
      "birth_date" : "1981-03-27",
      "employee_id" : "338459",
      "engineer" : "งาน วส.บว",
      "id" : "18",
      "name" : "กฤษฏา ญาณะ",
      "picture" : "pic/338459.jpg",
      "status" : "offwork",
      "tel" : "0855999299"
    }, {
      "birth_date" : "",
      "employee_id" : "-",
      "engineer" : "งาน วส.บว",
      "id" : "19",
      "name" : "ชนิดร์นนท์ จันทร์สกาว",
      "picture" : "pic/00002.jpg",
      "status" : "chiangmai",
      "tel" : "-"
    } ]
  }
}
